{
  "generated_at": "2026-07-17T23:48:05.329581+00:00",
  "models": {
    "all-MiniLM-L6-v2": {
      "recall_at_1": 0.6206896551724138,
      "recall_at_3": 0.7931034482758621,
      "recall_at_5": 0.8275862068965517,
      "recall_at_10": 0.8390804597701149,
      "mrr": 0.7079458024662366,
      "ndcg_at_10": 0.7396208395585102,
      "num_queries": 87,
      "latency_ms_per_query": 76.45090660963464
    },
    "bge-small-en-v1.5": {
      "recall_at_1": 0.5057471264367817,
      "recall_at_3": 0.6091954022988506,
      "recall_at_5": 0.6091954022988506,
      "recall_at_10": 0.6091954022988506,
      "mrr": 0.5579086972039102,
      "ndcg_at_10": 0.5665009025451581,
      "num_queries": 87,
      "latency_ms_per_query": 27.16016379350946
    },
    "ds-rag-embedder-v1": {
      "recall_at_1": 0.8505747126436781,
      "recall_at_3": 1.0,
      "recall_at_5": 1.0,
      "recall_at_10": 1.0,
      "mrr": 0.9214559386973179,
      "ndcg_at_10": 0.9418416929802992,
      "num_queries": 87,
      "latency_ms_per_query": 8.395674322656859
    }
  },
  "category_breakdown": {
    "ds-rag-embedder-v1": {
      "overall": {
        "recall_at_1": 0.8505747126436781,
        "recall_at_3": 1.0,
        "recall_at_5": 1.0,
        "recall_at_10": 1.0,
        "mrr": 0.9214559386973179,
        "ndcg_at_10": 0.9418416929802992,
        "num_queries": 87,
        "latency_ms_per_query": 8.590979401246997
      },
      "by_category": {
        "data_leakage": {
          "recall_at_1": 1.0,
          "recall_at_3": 1.0,
          "recall_at_5": 1.0,
          "recall_at_10": 1.0,
          "mrr": 1.0,
          "ndcg_at_10": 1.0,
          "num_queries": 3,
          "latency_ms_per_query": null
        },
        "deep_learning": {
          "recall_at_1": 0.8888888888888888,
          "recall_at_3": 1.0,
          "recall_at_5": 1.0,
          "recall_at_10": 1.0,
          "mrr": 0.9444444444444444,
          "ndcg_at_10": 0.9589921948412731,
          "num_queries": 9,
          "latency_ms_per_query": null
        },
        "deployment": {
          "recall_at_1": 0.0,
          "recall_at_3": 1.0,
          "recall_at_5": 1.0,
          "recall_at_10": 1.0,
          "mrr": 0.4444444444444444,
          "ndcg_at_10": 0.5872865023809717,
          "num_queries": 3,
          "latency_ms_per_query": null
        },
        "experiment_design": {
          "recall_at_1": 1.0,
          "recall_at_3": 1.0,
          "recall_at_5": 1.0,
          "recall_at_10": 1.0,
          "mrr": 1.0,
          "ndcg_at_10": 1.0,
          "num_queries": 3,
          "latency_ms_per_query": null
        },
        "feature_engineering": {
          "recall_at_1": 0.8333333333333334,
          "recall_at_3": 1.0,
          "recall_at_5": 1.0,
          "recall_at_10": 1.0,
          "mrr": 0.888888888888889,
          "ndcg_at_10": 0.9166666666666666,
          "num_queries": 6,
          "latency_ms_per_query": null
        },
        "hyperparameter_tuning": {
          "recall_at_1": 0.6666666666666666,
          "recall_at_3": 1.0,
          "recall_at_5": 1.0,
          "recall_at_10": 1.0,
          "mrr": 0.8333333333333334,
          "ndcg_at_10": 0.8769765845238192,
          "num_queries": 3,
          "latency_ms_per_query": null
        },
        "imbalanced_data": {
          "recall_at_1": 0.6666666666666666,
          "recall_at_3": 1.0,
          "recall_at_5": 1.0,
          "recall_at_10": 1.0,
          "mrr": 0.8333333333333334,
          "ndcg_at_10": 0.8769765845238192,
          "num_queries": 3,
          "latency_ms_per_query": null
        },
        "interpretability": {
          "recall_at_1": 1.0,
          "recall_at_3": 1.0,
          "recall_at_5": 1.0,
          "recall_at_10": 1.0,
          "mrr": 1.0,
          "ndcg_at_10": 1.0,
          "num_queries": 3,
          "latency_ms_per_query": null
        },
        "metrics": {
          "recall_at_1": 0.8888888888888888,
          "recall_at_3": 1.0,
          "recall_at_5": 1.0,
          "recall_at_10": 1.0,
          "mrr": 0.9444444444444444,
          "ndcg_at_10": 0.9589921948412731,
          "num_queries": 9,
          "latency_ms_per_query": null
        },
        "mlops": {
          "recall_at_1": 1.0,
          "recall_at_3": 1.0,
          "recall_at_5": 1.0,
          "recall_at_10": 1.0,
          "mrr": 1.0,
          "ndcg_at_10": 1.0,
          "num_queries": 9,
          "latency_ms_per_query": null
        },
        "model_selection": {
          "recall_at_1": 1.0,
          "recall_at_3": 1.0,
          "recall_at_5": 1.0,
          "recall_at_10": 1.0,
          "mrr": 1.0,
          "ndcg_at_10": 1.0,
          "num_queries": 6,
          "latency_ms_per_query": null
        },
        "nlp": {
          "recall_at_1": 1.0,
          "recall_at_3": 1.0,
          "recall_at_5": 1.0,
          "recall_at_10": 1.0,
          "mrr": 1.0,
          "ndcg_at_10": 1.0,
          "num_queries": 3,
          "latency_ms_per_query": null
        },
        "pandas_sklearn": {
          "recall_at_1": 1.0,
          "recall_at_3": 1.0,
          "recall_at_5": 1.0,
          "recall_at_10": 1.0,
          "mrr": 1.0,
          "ndcg_at_10": 1.0,
          "num_queries": 3,
          "latency_ms_per_query": null
        },
        "rag_llm": {
          "recall_at_1": 0.7333333333333333,
          "recall_at_3": 1.0,
          "recall_at_5": 1.0,
          "recall_at_10": 1.0,
          "mrr": 0.8666666666666667,
          "ndcg_at_10": 0.9015812676190554,
          "num_queries": 15,
          "latency_ms_per_query": null
        },
        "statistics": {
          "recall_at_1": 1.0,
          "recall_at_3": 1.0,
          "recall_at_5": 1.0,
          "recall_at_10": 1.0,
          "mrr": 1.0,
          "ndcg_at_10": 1.0,
          "num_queries": 3,
          "latency_ms_per_query": null
        },
        "time_series": {
          "recall_at_1": 1.0,
          "recall_at_3": 1.0,
          "recall_at_5": 1.0,
          "recall_at_10": 1.0,
          "mrr": 1.0,
          "ndcg_at_10": 1.0,
          "num_queries": 3,
          "latency_ms_per_query": null
        },
        "validation": {
          "recall_at_1": 0.6666666666666666,
          "recall_at_3": 1.0,
          "recall_at_5": 1.0,
          "recall_at_10": 1.0,
          "mrr": 0.8333333333333334,
          "ndcg_at_10": 0.8769765845238192,
          "num_queries": 3,
          "latency_ms_per_query": null
        }
      }
    }
  }
}